comment_id,true_themes,true_tone
C00001,Leadership & communication,negative
C00002,Inclusion & voice,positive
C00003,Leadership & communication,negative
C00004,Inclusion & voice,positive
C00005,Workload & staffing,negative
C00006,Inclusion & voice,positive
C00007,Manager relationship,negative
C00008,Pay & benefits; Joining & onboarding,negative
C00009,Leadership & communication; Pay & benefits,positive
C00010,Career & progression,negative
C00011,Inclusion & voice,positive
C00012,Career & progression,negative
C00013,Tools & process,positive
C00014,Pay & benefits,negative
C00015,Inclusion & voice,negative
C00016,Pay & benefits,negative
C00017,Recognition,positive
C00018,Workload & staffing,negative
C00019,Joining & onboarding,negative
C00020,Manager relationship; Joining & onboarding,positive
C00021,Career & progression,negative
C00022,Inclusion & voice,positive
C00023,Tools & process; Inclusion & voice,negative
C00024,Recognition,positive
C00025,Leadership & communication,negative
C00026,Inclusion & voice,positive
C00027,Manager relationship,positive
C00028,Flexibility & workplace,negative
C00029,Recognition,positive
C00030,Flexibility & workplace; Inclusion & voice,negative
C00031,Manager relationship,positive
C00032,Joining & onboarding,negative
C00033,Inclusion & voice,positive
C00034,Joining & onboarding,negative
C00035,Inclusion & voice,negative
C00036,Manager relationship; Career & progression,positive
C00037,Career & progression,negative
C00038,Inclusion & voice,positive
C00039,Joining & onboarding; Tools & process,positive
C00040,Career & progression,negative
C00041,Manager relationship; Workload & staffing,negative
C00042,Tools & process; Flexibility & workplace,negative
C00043,Inclusion & voice,positive
C00044,Manager relationship,negative
C00045,Career & progression; Leadership & communication,negative
C00046,Manager relationship,positive
C00047,Joining & onboarding,negative
C00048,Leadership & communication,positive
C00049,Joining & onboarding,negative
C00050,Pay & benefits,positive
C00051,Joining & onboarding,negative
C00052,Flexibility & workplace,negative
C00053,Career & progression,negative
C00054,Pay & benefits,negative
C00055,Joining & onboarding; Inclusion & voice,negative
C00056,Tools & process,negative
C00057,Manager relationship,positive
C00058,Flexibility & workplace,negative
C00059,Manager relationship; Tools & process,positive
C00060,Inclusion & voice,negative
C00061,Workload & staffing,negative
C00062,Manager relationship,positive
C00063,Manager relationship,positive
C00064,Manager relationship,positive
C00065,Flexibility & workplace,negative
C00066,Inclusion & voice,positive
C00067,Workload & staffing,negative
C00068,Inclusion & voice,positive
C00069,Career & progression,negative
C00070,Pay & benefits,negative
C00071,Manager relationship,positive
C00072,Tools & process,negative
C00073,Flexibility & workplace,negative
C00074,Pay & benefits,negative
C00075,Recognition; Career & progression,negative
C00076,Leadership & communication,positive
C00077,Career & progression,negative
C00078,Flexibility & workplace; Career & progression,negative
C00079,Career & progression,negative
C00080,Workload & staffing,positive
C00081,Career & progression,negative
C00082,Recognition,negative
C00083,Inclusion & voice; Pay & benefits,positive
C00084,Workload & staffing,negative
C00085,Manager relationship,positive
C00086,Pay & benefits,negative
C00087,Inclusion & voice,positive
C00088,Workload & staffing,negative
C00089,Tools & process,positive
C00090,Pay & benefits,negative
C00091,Leadership & communication,positive
C00092,Recognition; Workload & staffing,negative
C00093,Recognition; Workload & staffing,negative
C00094,Manager relationship,positive
C00095,Career & progression,negative
C00096,Pay & benefits,negative
C00097,Workload & staffing,negative
C00098,Flexibility & workplace,negative
C00099,Joining & onboarding; Recognition,positive
C00100,Manager relationship,negative
C00101,Pay & benefits,negative
C00102,Leadership & communication,positive
C00103,Manager relationship,positive
C00104,Flexibility & workplace,negative
C00105,Inclusion & voice,positive
C00106,Workload & staffing,negative
C00107,Flexibility & workplace,negative
C00108,Manager relationship,positive
C00109,Joining & onboarding,negative
C00110,Manager relationship,positive
C00111,Recognition,negative
C00112,Flexibility & workplace; Inclusion & voice,negative
C00113,Manager relationship,positive
C00114,Pay & benefits; Manager relationship,negative
C00115,Career & progression; Recognition,positive
C00116,Manager relationship,positive
C00117,Tools & process,negative
C00118,Leadership & communication,positive
C00119,Inclusion & voice,negative
C00120,Tools & process; Recognition,negative
C00121,Leadership & communication,positive
C00122,Manager relationship,positive
C00123,Tools & process,negative
C00124,Manager relationship,positive
C00125,Flexibility & workplace,negative
C00126,Manager relationship,positive
C00127,Workload & staffing; Tools & process,negative
C00128,Manager relationship; Career & progression,positive
C00129,Joining & onboarding,negative
C00130,Manager relationship,positive
C00131,Joining & onboarding,negative
C00132,Pay & benefits,negative
C00133,Leadership & communication,positive
C00134,Joining & onboarding,positive
C00135,Inclusion & voice,positive
C00136,Career & progression,negative
C00137,Inclusion & voice,positive
C00138,Recognition,positive
C00139,Flexibility & workplace,negative
C00140,Recognition,negative
C00141,Manager relationship,positive
C00142,Career & progression; Tools & process,negative
C00143,Inclusion & voice,positive
C00144,Recognition,negative
C00145,Recognition,negative
C00146,Leadership & communication,positive
C00147,Career & progression; Pay & benefits,negative
C00148,Flexibility & workplace; Manager relationship,negative
C00149,Career & progression,negative
C00150,Manager relationship,positive
C00151,Manager relationship,negative
C00152,Career & progression,negative
C00153,Manager relationship,negative
C00154,Career & progression; Leadership & communication,negative
C00155,Leadership & communication,positive
C00156,Inclusion & voice,positive
C00157,Flexibility & workplace; Inclusion & voice,negative
C00158,Inclusion & voice; Joining & onboarding,positive
C00159,Career & progression,negative
C00160,Leadership & communication,positive
C00161,Joining & onboarding,negative
C00162,Inclusion & voice,positive
C00163,Joining & onboarding,negative
C00164,Manager relationship; Joining & onboarding,positive
C00165,Workload & staffing,negative
C00166,Workload & staffing,negative
C00167,Inclusion & voice,positive
C00168,Tools & process,negative
C00169,Recognition; Inclusion & voice,positive
C00170,Recognition,negative
C00171,Career & progression,negative
C00172,Leadership & communication,negative
C00173,Inclusion & voice,positive
C00174,Flexibility & workplace,negative
C00175,Manager relationship,positive
C00176,Workload & staffing,negative
C00177,Joining & onboarding; Recognition,negative
C00178,Workload & staffing,negative
C00179,Inclusion & voice,positive
C00180,Leadership & communication,negative
C00181,Joining & onboarding; Recognition,negative
C00182,Inclusion & voice,positive
C00183,Tools & process,negative
C00184,Leadership & communication,positive
C00185,Tools & process,negative
C00186,Tools & process,negative
C00187,Joining & onboarding,negative
C00188,Recognition,negative
C00189,Leadership & communication,positive
C00190,Pay & benefits; Career & progression,negative
C00191,Inclusion & voice,positive
C00192,Manager relationship,positive
C00193,Joining & onboarding; Recognition,negative
C00194,Joining & onboarding; Career & progression,negative
C00195,Flexibility & workplace,positive
C00196,Leadership & communication,negative
C00197,Manager relationship,positive
C00198,Workload & staffing; Pay & benefits,negative
C00199,Inclusion & voice,positive
C00200,Flexibility & workplace; Career & progression,negative
C00201,Pay & benefits; Workload & staffing,positive
C00202,Career & progression; Manager relationship,negative
C00203,Recognition,positive
C00204,Tools & process; Flexibility & workplace,negative
C00205,Manager relationship,positive
C00206,Tools & process,negative
C00207,Workload & staffing,negative
C00208,Workload & staffing,negative
C00209,Pay & benefits,negative
C00210,Workload & staffing,negative
C00211,Leadership & communication,positive
C00212,Workload & staffing,negative
C00213,Manager relationship; Recognition,positive
C00214,Career & progression,negative
C00215,Joining & onboarding,negative
C00216,Workload & staffing,positive
C00217,Tools & process,negative
C00218,Leadership & communication; Pay & benefits,positive
C00219,Tools & process,positive
C00220,Recognition,positive
C00221,Pay & benefits; Workload & staffing,negative
C00222,Workload & staffing; Flexibility & workplace,negative
C00223,Pay & benefits,negative
C00224,Inclusion & voice,positive
C00225,Workload & staffing,negative
C00226,Tools & process,negative
C00227,Manager relationship,positive
C00228,Pay & benefits,negative
C00229,Manager relationship,positive
C00230,Career & progression,negative
C00231,Tools & process,negative
C00232,Leadership & communication,negative
C00233,Manager relationship,negative
C00234,Recognition,positive
C00235,Career & progression; Tools & process,negative
C00236,Flexibility & workplace; Career & progression,positive
C00237,Flexibility & workplace; Recognition,negative
C00238,Career & progression,negative
C00239,Leadership & communication,positive
C00240,Pay & benefits,negative
C00241,Career & progression,negative
C00242,Flexibility & workplace,positive
C00243,Inclusion & voice,positive
C00244,Career & progression,positive
C00245,Recognition,positive
C00246,Career & progression,negative
C00247,Joining & onboarding,negative
C00248,Manager relationship,positive
C00249,Pay & benefits,negative
C00250,Workload & staffing,negative
C00251,Pay & benefits,negative
C00252,Leadership & communication,positive
C00253,Recognition,negative
C00254,Leadership & communication,positive
C00255,Manager relationship; Pay & benefits,negative
C00256,Pay & benefits,negative
C00257,Inclusion & voice,positive
C00258,Flexibility & workplace,negative
C00259,Leadership & communication,negative
C00260,Pay & benefits,positive
C00261,Tools & process,negative
C00262,Leadership & communication,negative
C00263,Flexibility & workplace; Joining & onboarding,positive
C00264,Flexibility & workplace,negative
C00265,Tools & process,negative
C00266,Pay & benefits; Workload & staffing,negative
C00267,Leadership & communication,positive
C00268,Flexibility & workplace; Tools & process,negative
C00269,Inclusion & voice,positive
C00270,Workload & staffing,negative
C00271,Career & progression,negative
C00272,Joining & onboarding,negative
C00273,Flexibility & workplace,negative
C00274,Tools & process,negative
C00275,Inclusion & voice,positive
C00276,Workload & staffing; Career & progression,negative
C00277,Recognition,negative
C00278,Leadership & communication,positive
C00279,Career & progression; Flexibility & workplace,negative
C00280,Manager relationship,negative
C00281,Workload & staffing; Leadership & communication,positive
C00282,Career & progression,negative
C00283,Joining & onboarding,positive
C00284,Workload & staffing; Pay & benefits,negative
C00285,Leadership & communication,positive
C00286,Career & progression,negative
C00287,Pay & benefits; Inclusion & voice,positive
C00288,Flexibility & workplace,negative
C00289,Pay & benefits,positive
C00290,Manager relationship; Tools & process,negative
C00291,Career & progression,negative
C00292,Inclusion & voice,positive
C00293,Pay & benefits; Flexibility & workplace,negative
C00294,Pay & benefits,negative
C00295,Manager relationship,positive
C00296,Recognition,positive
C00297,Leadership & communication,negative
C00298,Inclusion & voice,positive
C00299,Flexibility & workplace,negative
C00300,Manager relationship,positive
C00301,Pay & benefits,negative
C00302,Inclusion & voice,positive
C00303,Tools & process,negative
C00304,Inclusion & voice; Workload & staffing,positive
C00305,Workload & staffing,negative
C00306,Workload & staffing,negative
C00307,Flexibility & workplace,negative
C00308,Manager relationship,positive
C00309,Joining & onboarding,negative
C00310,Manager relationship,positive
C00311,Career & progression,negative
C00312,Flexibility & workplace,positive
C00313,Career & progression,negative
C00314,Flexibility & workplace; Tools & process,negative
C00315,Workload & staffing,negative
C00316,Pay & benefits; Joining & onboarding,negative
C00317,Inclusion & voice,positive
C00318,Pay & benefits; Recognition,negative
C00319,Inclusion & voice,positive
C00320,Leadership & communication,negative
C00321,Workload & staffing,negative
C00322,Pay & benefits,negative
C00323,Inclusion & voice,positive
C00324,Joining & onboarding,negative
C00325,Inclusion & voice; Recognition,positive
C00326,Manager relationship,positive
C00327,Flexibility & workplace,negative
C00328,Manager relationship,positive
C00329,Tools & process,negative
C00330,Career & progression,positive
C00331,Pay & benefits,negative
C00332,Pay & benefits,negative
C00333,Recognition,negative
C00334,Career & progression,negative
C00335,Career & progression,negative
C00336,Joining & onboarding,negative
C00337,Flexibility & workplace,negative
C00338,Joining & onboarding,positive
C00339,Career & progression,negative
C00340,Recognition,positive
C00341,Recognition,negative
C00342,Career & progression,negative
C00343,Pay & benefits,positive
C00344,Tools & process,negative
C00345,Pay & benefits,positive
C00346,Career & progression,negative
C00347,Manager relationship,positive
C00348,Leadership & communication,positive
C00349,Flexibility & workplace,negative
C00350,Pay & benefits,positive
C00351,Recognition; Inclusion & voice,negative
C00352,Inclusion & voice,positive
C00353,Pay & benefits,negative
C00354,Leadership & communication,negative
C00355,Tools & process,positive
C00356,Flexibility & workplace,negative
C00357,Career & progression,negative
C00358,Tools & process,negative
C00359,Flexibility & workplace,positive
C00360,Career & progression,negative
C00361,Joining & onboarding,positive
C00362,Manager relationship,positive
C00363,Career & progression,negative
C00364,Pay & benefits; Joining & onboarding,positive
C00365,Flexibility & workplace,negative
C00366,Leadership & communication; Pay & benefits,positive
C00367,Manager relationship,positive
C00368,Recognition,negative
C00369,Joining & onboarding,positive
C00370,Pay & benefits,negative
C00371,Career & progression,positive
C00372,Pay & benefits,positive
C00373,Career & progression,negative
C00374,Workload & staffing; Leadership & communication,negative
C00375,Inclusion & voice,positive
C00376,Recognition; Career & progression,negative
C00377,Inclusion & voice,positive
C00378,Recognition,negative
C00379,Tools & process,positive
C00380,Manager relationship,negative
C00381,Inclusion & voice; Manager relationship,positive
C00382,Recognition,negative
C00383,Pay & benefits; Workload & staffing,negative
C00384,Manager relationship; Recognition,negative
C00385,Career & progression,negative
C00386,Workload & staffing,positive
C00387,Recognition,negative
C00388,Recognition; Career & progression,negative
C00389,Tools & process; Pay & benefits,negative
C00390,Flexibility & workplace,positive
C00391,Manager relationship,negative
C00392,Workload & staffing,positive
C00393,Manager relationship,negative
C00394,Pay & benefits,negative
C00395,Workload & staffing; Flexibility & workplace,positive
C00396,Career & progression,negative
C00397,Flexibility & workplace,positive
C00398,Pay & benefits,negative
C00399,Tools & process,positive
C00400,Tools & process,negative
C00401,Inclusion & voice,positive
C00402,Workload & staffing; Inclusion & voice,negative
C00403,Manager relationship,positive
C00404,Leadership & communication,negative
C00405,Career & progression,negative
C00406,Workload & staffing,positive
C00407,Recognition; Joining & onboarding,negative
C00408,Leadership & communication; Flexibility & workplace,positive
C00409,Pay & benefits,negative
C00410,Pay & benefits,negative
C00411,Recognition,negative
C00412,Manager relationship,positive
C00413,Recognition; Pay & benefits,negative
C00414,Leadership & communication,positive
C00415,Pay & benefits,negative
C00416,Flexibility & workplace,negative
C00417,Recognition; Pay & benefits,negative
C00418,Manager relationship,positive
C00419,Career & progression,negative
C00420,Leadership & communication,positive
C00421,Career & progression; Manager relationship,negative
C00422,Career & progression,negative
C00423,Career & progression,negative
C00424,Inclusion & voice,positive
C00425,Career & progression,negative
C00426,Inclusion & voice,positive
C00427,Flexibility & workplace,negative
C00428,Recognition; Inclusion & voice,positive
C00429,Flexibility & workplace; Tools & process,negative
C00430,Inclusion & voice,positive
C00431,Workload & staffing,negative
C00432,Career & progression,positive
C00433,Career & progression; Tools & process,positive
C00434,Workload & staffing,negative
C00435,Manager relationship,positive
C00436,Flexibility & workplace; Career & progression,negative
C00437,Tools & process,negative
C00438,Manager relationship; Joining & onboarding,positive
C00439,Recognition; Workload & staffing,negative
C00440,Pay & benefits,negative
C00441,Joining & onboarding; Career & progression,negative
C00442,Manager relationship,positive
C00443,Career & progression,negative
C00444,Manager relationship,negative
C00445,Career & progression,negative
C00446,Career & progression; Workload & staffing,negative
C00447,Pay & benefits,negative
C00448,Tools & process; Workload & staffing,negative
C00449,Inclusion & voice; Joining & onboarding,positive
C00450,Leadership & communication; Joining & onboarding,negative
C00451,Tools & process,positive
C00452,Joining & onboarding,negative
C00453,Recognition,negative
C00454,Leadership & communication,negative
C00455,Recognition,negative
C00456,Flexibility & workplace,positive
C00457,Flexibility & workplace,negative
C00458,Joining & onboarding,positive
C00459,Leadership & communication,negative
C00460,Inclusion & voice,positive
C00461,Workload & staffing,negative
C00462,Leadership & communication; Joining & onboarding,positive
C00463,Flexibility & workplace,negative
C00464,Pay & benefits,negative
C00465,Recognition,negative
C00466,Leadership & communication,positive
C00467,Pay & benefits,negative
C00468,Flexibility & workplace,negative
C00469,Manager relationship,positive
C00470,Inclusion & voice; Manager relationship,negative
C00471,Pay & benefits,positive
C00472,Workload & staffing,negative
C00473,Recognition,positive
C00474,Manager relationship,positive
C00475,Joining & onboarding; Tools & process,negative
C00476,Tools & process; Recognition,negative
C00477,Leadership & communication,positive
C00478,Leadership & communication,negative
C00479,Leadership & communication,negative
C00480,Manager relationship,positive
C00481,Tools & process,negative
C00482,Recognition; Pay & benefits,positive
C00483,Manager relationship,negative
C00484,Manager relationship,positive
C00485,Pay & benefits; Leadership & communication,positive
C00486,Flexibility & workplace,negative
C00487,Tools & process; Pay & benefits,positive
C00488,Career & progression,negative
C00489,Inclusion & voice; Workload & staffing,positive
C00490,Joining & onboarding,negative
C00491,Inclusion & voice; Manager relationship,positive
C00492,Joining & onboarding,negative
C00493,Manager relationship,negative
C00494,Pay & benefits,positive
C00495,Flexibility & workplace,negative
C00496,Recognition; Manager relationship,negative
C00497,Workload & staffing,positive
C00498,Career & progression; Flexibility & workplace,negative
C00499,Career & progression,negative
C00500,Inclusion & voice,positive
C00501,Inclusion & voice,positive
C00502,Flexibility & workplace,negative
C00503,Joining & onboarding; Flexibility & workplace,positive
C00504,Inclusion & voice,negative
C00505,Manager relationship; Inclusion & voice,positive
C00506,Inclusion & voice,positive
C00507,Inclusion & voice; Career & progression,positive
C00508,Joining & onboarding; Leadership & communication,negative
C00509,Manager relationship; Recognition,positive
C00510,Manager relationship; Career & progression,positive
C00511,Flexibility & workplace,negative
C00512,Inclusion & voice,positive
C00513,Recognition; Inclusion & voice,negative
C00514,Leadership & communication; Inclusion & voice,positive
C00515,Pay & benefits; Inclusion & voice,positive
C00516,Pay & benefits,negative
C00517,Pay & benefits,negative
C00518,Manager relationship,positive
C00519,Joining & onboarding,negative
C00520,Tools & process,negative
C00521,Flexibility & workplace,negative
C00522,Joining & onboarding,negative
C00523,Leadership & communication,negative
C00524,Inclusion & voice,positive
C00525,Workload & staffing,negative
C00526,Tools & process,positive
C00527,Joining & onboarding,negative
C00528,Manager relationship; Career & progression,positive
C00529,Joining & onboarding; Inclusion & voice,positive
C00530,Joining & onboarding,negative
C00531,Leadership & communication; Recognition,positive
C00532,Recognition; Tools & process,negative
C00533,Flexibility & workplace,negative
C00534,Flexibility & workplace,negative
C00535,Pay & benefits; Leadership & communication,negative
C00536,Joining & onboarding; Career & progression,positive
C00537,Career & progression,negative
C00538,Inclusion & voice,positive
C00539,Manager relationship,negative
C00540,Career & progression,negative
C00541,Joining & onboarding,positive
C00542,Leadership & communication; Joining & onboarding,negative
C00543,Leadership & communication,negative
C00544,Manager relationship,positive
C00545,Manager relationship,positive
C00546,Pay & benefits,negative
C00547,Tools & process,negative
C00548,Inclusion & voice,positive
C00549,Inclusion & voice,negative
C00550,Flexibility & workplace,positive
C00551,Joining & onboarding,negative
C00552,Workload & staffing,negative
C00553,Workload & staffing,positive
C00554,Joining & onboarding,positive
C00555,Leadership & communication; Joining & onboarding,negative
C00556,Manager relationship,positive
C00557,Pay & benefits,negative
C00558,Career & progression,negative
C00559,Flexibility & workplace,positive
C00560,Pay & benefits,negative
C00561,Leadership & communication; Workload & staffing,positive
C00562,Career & progression; Joining & onboarding,negative
C00563,Pay & benefits,negative
C00564,Joining & onboarding; Career & progression,negative
C00565,Flexibility & workplace,negative
C00566,Recognition,negative
C00567,Inclusion & voice,positive
C00568,Recognition,negative
C00569,Joining & onboarding,negative
C00570,Inclusion & voice,positive
C00571,Inclusion & voice,negative
C00572,Leadership & communication; Joining & onboarding,positive
C00573,Career & progression,negative
C00574,Pay & benefits,positive
C00575,Recognition; Leadership & communication,negative
C00576,Manager relationship,positive
C00577,Pay & benefits,negative
C00578,Inclusion & voice; Manager relationship,positive
C00579,Career & progression,negative
C00580,Recognition; Inclusion & voice,negative
C00581,Flexibility & workplace,negative
C00582,Career & progression; Inclusion & voice,negative
C00583,Recognition; Leadership & communication,negative
C00584,Manager relationship,positive
C00585,Manager relationship,positive
C00586,Inclusion & voice; Flexibility & workplace,positive
C00587,Career & progression; Inclusion & voice,negative
C00588,Inclusion & voice,positive
C00589,Pay & benefits; Career & progression,negative
C00590,Joining & onboarding,negative
C00591,Joining & onboarding,negative
C00592,Career & progression,negative
C00593,Flexibility & workplace,negative
C00594,Flexibility & workplace,negative
C00595,Inclusion & voice,positive
C00596,Pay & benefits; Recognition,negative
C00597,Joining & onboarding,positive
C00598,Workload & staffing; Career & progression,negative
C00599,Inclusion & voice; Joining & onboarding,positive
C00600,Flexibility & workplace,negative
C00601,Career & progression,negative
C00602,Career & progression,negative
C00603,Recognition; Pay & benefits,negative
C00604,Manager relationship,negative
C00605,Leadership & communication; Pay & benefits,positive
C00606,Career & progression,negative
C00607,Inclusion & voice,positive
C00608,Career & progression,negative
C00609,Career & progression; Tools & process,negative
C00610,Tools & process,positive
C00611,Workload & staffing,negative
C00612,Inclusion & voice,positive
C00613,Career & progression,negative
C00614,Leadership & communication; Recognition,negative
C00615,Career & progression,negative
C00616,Workload & staffing,negative
C00617,Manager relationship,positive
C00618,Workload & staffing,negative
C00619,Inclusion & voice,positive
C00620,Leadership & communication,negative
C00621,Recognition; Manager relationship,negative
C00622,Workload & staffing,positive
C00623,Manager relationship,positive
C00624,Tools & process,negative
C00625,Workload & staffing,positive
C00626,Flexibility & workplace,negative
C00627,Recognition,negative
C00628,Inclusion & voice; Workload & staffing,negative
C00629,Tools & process,positive
C00630,Pay & benefits,negative
C00631,Inclusion & voice,positive
C00632,Flexibility & workplace,negative
C00633,Joining & onboarding; Career & progression,negative
C00634,Manager relationship,positive
C00635,Recognition; Career & progression,negative
C00636,Inclusion & voice,positive
C00637,Inclusion & voice,negative
C00638,Workload & staffing; Tools & process,positive
C00639,Recognition,negative
C00640,Pay & benefits,negative
C00641,Tools & process,positive
C00642,Recognition; Pay & benefits,negative
C00643,Tools & process,positive
C00644,Recognition; Flexibility & workplace,negative
C00645,Inclusion & voice,positive
C00646,Manager relationship,negative
C00647,Workload & staffing,positive
C00648,Joining & onboarding; Flexibility & workplace,negative
C00649,Flexibility & workplace,negative
C00650,Tools & process,negative
C00651,Manager relationship,positive
C00652,Manager relationship; Workload & staffing,positive
C00653,Leadership & communication; Recognition,negative
C00654,Workload & staffing; Inclusion & voice,positive
C00655,Pay & benefits,negative
C00656,Recognition,negative
C00657,Career & progression,negative
C00658,Tools & process,positive
C00659,Joining & onboarding; Pay & benefits,negative
C00660,Pay & benefits; Tools & process,negative
C00661,Leadership & communication,positive
C00662,Inclusion & voice,negative
C00663,Inclusion & voice,positive
C00664,Pay & benefits,negative
C00665,Leadership & communication; Career & progression,positive
C00666,Manager relationship,positive
C00667,Recognition,negative
C00668,Inclusion & voice,positive
C00669,Manager relationship,negative
C00670,Career & progression,positive
C00671,Manager relationship,negative
C00672,Manager relationship,negative
C00673,Manager relationship,negative
C00674,Inclusion & voice,positive
C00675,Career & progression,negative
C00676,Manager relationship,negative
C00677,Leadership & communication,negative
C00678,Inclusion & voice,positive
C00679,Career & progression,negative
C00680,Joining & onboarding; Inclusion & voice,positive
C00681,Career & progression,negative
C00682,Recognition,negative
C00683,Joining & onboarding,positive
C00684,Career & progression,negative
C00685,Leadership & communication; Recognition,positive
C00686,Leadership & communication; Recognition,negative
C00687,Inclusion & voice,positive
C00688,Pay & benefits,negative
C00689,Tools & process,negative
C00690,Pay & benefits,negative
C00691,Joining & onboarding,positive
C00692,Joining & onboarding,positive
C00693,Career & progression,negative
C00694,Joining & onboarding,positive
C00695,Pay & benefits,negative
C00696,Recognition,negative
C00697,Leadership & communication,negative
C00698,Pay & benefits,negative
C00699,Recognition; Flexibility & workplace,negative
C00700,Workload & staffing,negative
C00701,Manager relationship; Recognition,positive
C00702,Pay & benefits,negative
C00703,Manager relationship,positive
C00704,Leadership & communication,negative
C00705,Recognition,positive
C00706,Career & progression,negative
C00707,Manager relationship,positive
C00708,Manager relationship,negative
C00709,Workload & staffing,positive
C00710,Manager relationship,negative
C00711,Flexibility & workplace,positive
C00712,Manager relationship; Joining & onboarding,negative
C00713,Flexibility & workplace,negative
C00714,Recognition,negative
C00715,Career & progression,negative
C00716,Inclusion & voice,positive
C00717,Leadership & communication,positive
C00718,Tools & process,negative
C00719,Pay & benefits; Recognition,negative
C00720,Career & progression,negative
C00721,Career & progression; Joining & onboarding,negative
C00722,Joining & onboarding,negative
C00723,Manager relationship,positive
C00724,Pay & benefits,negative
C00725,Leadership & communication,negative
C00726,Pay & benefits; Tools & process,negative
C00727,Flexibility & workplace,negative
C00728,Recognition,negative
C00729,Workload & staffing,negative
C00730,Manager relationship,negative
C00731,Inclusion & voice,positive
C00732,Pay & benefits,negative
C00733,Joining & onboarding,positive
C00734,Career & progression,negative
C00735,Pay & benefits,negative
C00736,Manager relationship,positive
C00737,Leadership & communication,negative
C00738,Recognition,negative
C00739,Pay & benefits; Flexibility & workplace,negative
C00740,Leadership & communication,negative
C00741,Workload & staffing,positive
C00742,Recognition,positive
C00743,Flexibility & workplace,negative
C00744,Manager relationship; Inclusion & voice,positive
C00745,Career & progression; Joining & onboarding,negative
C00746,Leadership & communication; Manager relationship,negative
C00747,Flexibility & workplace,positive
C00748,Recognition,negative
C00749,Inclusion & voice,positive
C00750,Career & progression,negative
C00751,Workload & staffing; Joining & onboarding,positive
C00752,Pay & benefits,negative
C00753,Leadership & communication,positive
C00754,Pay & benefits,negative
C00755,Joining & onboarding,positive
C00756,Pay & benefits,negative
C00757,Flexibility & workplace,positive
C00758,Career & progression,negative
C00759,Recognition,positive
C00760,Tools & process,negative
C00761,Leadership & communication,positive
C00762,Flexibility & workplace,negative
C00763,Tools & process,positive
C00764,Workload & staffing; Joining & onboarding,positive
C00765,Recognition,negative
C00766,Manager relationship,positive
C00767,Pay & benefits,negative
C00768,Tools & process,positive
C00769,Recognition,negative
C00770,Leadership & communication; Tools & process,negative
C00771,Flexibility & workplace,negative
C00772,Joining & onboarding,positive
C00773,Leadership & communication,negative
C00774,Manager relationship,negative
C00775,Inclusion & voice; Career & progression,positive
C00776,Pay & benefits,negative
C00777,Workload & staffing; Leadership & communication,positive
C00778,Leadership & communication; Joining & onboarding,negative
C00779,Manager relationship,positive
C00780,Tools & process,negative
C00781,Inclusion & voice,positive
C00782,Career & progression; Leadership & communication,negative
C00783,Joining & onboarding,positive
C00784,Workload & staffing,negative
C00785,Joining & onboarding,positive
C00786,Career & progression; Flexibility & workplace,negative
C00787,Recognition; Tools & process,negative
C00788,Joining & onboarding,positive
C00789,Career & progression,negative
C00790,Tools & process; Flexibility & workplace,negative
C00791,Manager relationship; Career & progression,positive
C00792,Workload & staffing,negative
C00793,Career & progression,negative
C00794,Workload & staffing; Career & progression,negative
C00795,Joining & onboarding; Flexibility & workplace,positive
C00796,Leadership & communication,negative
C00797,Flexibility & workplace,positive
C00798,Career & progression,negative
C00799,Leadership & communication,positive
C00800,Manager relationship,negative
C00801,Joining & onboarding,positive
C00802,Recognition; Pay & benefits,negative
C00803,Joining & onboarding,positive
C00804,Career & progression,negative
C00805,Tools & process; Inclusion & voice,negative
C00806,Manager relationship,negative
C00807,Workload & staffing,positive
C00808,Flexibility & workplace,negative
C00809,Inclusion & voice,positive
C00810,Recognition,negative
C00811,Workload & staffing,positive
C00812,Manager relationship,negative
C00813,Joining & onboarding,negative
C00814,Leadership & communication,negative
C00815,Pay & benefits; Manager relationship,negative
C00816,Joining & onboarding,negative
C00817,Workload & staffing; Manager relationship,negative
C00818,Manager relationship,positive
C00819,Inclusion & voice,negative
C00820,Recognition,positive
C00821,Inclusion & voice,negative
C00822,Flexibility & workplace,positive
C00823,Workload & staffing,negative
C00824,Inclusion & voice,positive
C00825,Career & progression,negative
C00826,Inclusion & voice,positive
C00827,Recognition,negative
C00828,Manager relationship,positive
C00829,Recognition,positive
C00830,Manager relationship,negative
C00831,Workload & staffing; Career & progression,negative
C00832,Leadership & communication,positive
C00833,Flexibility & workplace,negative
C00834,Career & progression,negative
C00835,Flexibility & workplace,positive
C00836,Career & progression,negative
C00837,Manager relationship,negative
C00838,Inclusion & voice; Manager relationship,negative
C00839,Tools & process,positive
C00840,Pay & benefits; Workload & staffing,negative
C00841,Manager relationship,positive
C00842,Flexibility & workplace,negative
C00843,Pay & benefits,negative
C00844,Pay & benefits,negative
C00845,Joining & onboarding,positive
C00846,Workload & staffing; Inclusion & voice,negative
C00847,Flexibility & workplace,negative
C00848,Career & progression,negative
C00849,Joining & onboarding,negative
C00850,Recognition; Career & progression,negative
C00851,Leadership & communication,negative
C00852,Manager relationship,positive
C00853,Recognition,positive
C00854,Manager relationship; Workload & staffing,positive
C00855,Workload & staffing; Joining & onboarding,negative
C00856,Career & progression,negative
C00857,Joining & onboarding; Pay & benefits,negative
C00858,Inclusion & voice,positive
C00859,Leadership & communication,negative
C00860,Inclusion & voice,positive
C00861,Pay & benefits,negative
C00862,Joining & onboarding; Workload & staffing,positive
C00863,Career & progression,negative
C00864,Manager relationship,positive
C00865,Recognition; Manager relationship,negative
C00866,Inclusion & voice; Pay & benefits,positive
C00867,Manager relationship; Career & progression,negative
C00868,Flexibility & workplace; Manager relationship,positive
C00869,Recognition,negative
C00870,Recognition,positive
C00871,Recognition,negative
C00872,Pay & benefits,positive
C00873,Leadership & communication,negative
C00874,Tools & process,positive
C00875,Tools & process,negative
C00876,Manager relationship; Joining & onboarding,positive
C00877,Inclusion & voice,positive
C00878,Manager relationship,negative
C00879,Leadership & communication,negative
C00880,Workload & staffing; Recognition,positive
C00881,Flexibility & workplace,negative
C00882,Joining & onboarding,positive
C00883,Career & progression; Inclusion & voice,negative
C00884,Flexibility & workplace; Career & progression,negative
C00885,Pay & benefits,negative
C00886,Inclusion & voice,positive
C00887,Recognition,negative
C00888,Manager relationship,positive
C00889,Manager relationship,positive
C00890,Recognition; Manager relationship,negative
C00891,Inclusion & voice,positive
C00892,Recognition,negative
C00893,Manager relationship,negative
C00894,Manager relationship,negative
C00895,Recognition,negative
C00896,Recognition,negative
C00897,Workload & staffing,positive
C00898,Career & progression,negative
C00899,Inclusion & voice,positive
C00900,Inclusion & voice,negative
C00901,Pay & benefits,positive
C00902,Recognition,negative
C00903,Pay & benefits,negative
C00904,Leadership & communication,negative
C00905,Manager relationship,positive
C00906,Pay & benefits; Flexibility & workplace,negative
C00907,Career & progression,negative
C00908,Manager relationship,positive
C00909,Leadership & communication,negative
C00910,Inclusion & voice,positive
C00911,Pay & benefits; Flexibility & workplace,negative
C00912,Leadership & communication,negative
C00913,Inclusion & voice; Career & progression,positive
C00914,Manager relationship,negative
C00915,Leadership & communication; Inclusion & voice,positive
C00916,Recognition,negative
C00917,Inclusion & voice,negative
C00918,Tools & process; Pay & benefits,positive
C00919,Recognition,negative
C00920,Inclusion & voice; Career & progression,positive
C00921,Recognition,negative
C00922,Joining & onboarding,positive
C00923,Workload & staffing; Leadership & communication,positive
C00924,Recognition,negative
C00925,Career & progression; Leadership & communication,negative
C00926,Leadership & communication,positive
C00927,Career & progression,negative
C00928,Inclusion & voice,positive
C00929,Pay & benefits; Manager relationship,negative
C00930,Career & progression,negative
C00931,Flexibility & workplace; Workload & staffing,positive
C00932,Career & progression,negative
C00933,Joining & onboarding,positive
C00934,Tools & process,positive
C00935,Flexibility & workplace,negative
C00936,Inclusion & voice,positive
C00937,Leadership & communication; Manager relationship,negative
C00938,Inclusion & voice,positive
C00939,Career & progression; Joining & onboarding,negative
C00940,Pay & benefits,negative
C00941,Joining & onboarding,positive
C00942,Joining & onboarding,negative
C00943,Pay & benefits,negative
C00944,Pay & benefits,negative
C00945,Flexibility & workplace,negative
C00946,Manager relationship,negative
C00947,Recognition,negative
C00948,Flexibility & workplace; Career & progression,positive
C00949,Flexibility & workplace,negative
C00950,Workload & staffing,negative
C00951,Pay & benefits,negative
C00952,Pay & benefits,negative
C00953,Tools & process,positive
C00954,Joining & onboarding; Career & progression,negative
C00955,Pay & benefits,positive
C00956,Recognition; Flexibility & workplace,negative
C00957,Workload & staffing; Recognition,positive
C00958,Leadership & communication,negative
C00959,Workload & staffing; Inclusion & voice,positive
C00960,Recognition,negative
C00961,Pay & benefits,positive
C00962,Joining & onboarding; Inclusion & voice,positive
C00963,Workload & staffing; Joining & onboarding,positive
C00964,Pay & benefits,negative
C00965,Tools & process,positive
C00966,Recognition,negative
C00967,Joining & onboarding,positive
C00968,Career & progression,negative
C00969,Manager relationship,positive
C00970,Career & progression,negative
C00971,Pay & benefits,negative
C00972,Flexibility & workplace; Tools & process,positive
C00973,Recognition,negative
C00974,Recognition,negative
C00975,Inclusion & voice,positive
C00976,Inclusion & voice,positive
C00977,Tools & process,negative
C00978,Leadership & communication,positive
C00979,Flexibility & workplace; Recognition,negative
C00980,Manager relationship,positive
C00981,Tools & process,positive
C00982,Manager relationship,negative
C00983,Recognition,positive
C00984,Pay & benefits; Manager relationship,positive
C00985,Inclusion & voice,negative
C00986,Workload & staffing,positive
C00987,Manager relationship,positive
C00988,Flexibility & workplace,negative
C00989,Workload & staffing,negative
C00990,Career & progression,positive
C00991,Tools & process,negative
C00992,Workload & staffing; Inclusion & voice,positive
C00993,Inclusion & voice,positive
C00994,Pay & benefits,positive
C00995,Flexibility & workplace,negative
C00996,Joining & onboarding,negative
C00997,Workload & staffing,positive
C00998,Recognition,negative
C00999,Leadership & communication,negative
C01000,Recognition,negative
C01001,Recognition,positive
C01002,Manager relationship,positive
C01003,Leadership & communication,negative
C01004,Inclusion & voice,positive
C01005,Flexibility & workplace,positive
C01006,Pay & benefits,negative
C01007,Recognition; Workload & staffing,negative
C01008,Manager relationship,negative
C01009,Leadership & communication,positive
C01010,Recognition,negative
C01011,Inclusion & voice,positive
C01012,Career & progression,negative
C01013,Career & progression; Manager relationship,negative
C01014,Recognition,positive
C01015,Tools & process,positive
C01016,Manager relationship,positive
C01017,Leadership & communication,negative
C01018,Recognition,negative
C01019,Tools & process,positive
C01020,Career & progression; Workload & staffing,negative
C01021,Leadership & communication; Inclusion & voice,positive
C01022,Pay & benefits,negative
C01023,Manager relationship; Tools & process,positive
C01024,Leadership & communication,positive
C01025,Manager relationship,positive
C01026,Flexibility & workplace,negative
C01027,Manager relationship,positive
C01028,Manager relationship,positive
C01029,Joining & onboarding,negative
C01030,Leadership & communication,negative
C01031,Career & progression,negative
C01032,Career & progression,negative
C01033,Inclusion & voice; Career & progression,positive
C01034,Pay & benefits,negative
C01035,Flexibility & workplace; Manager relationship,positive
C01036,Inclusion & voice,positive
C01037,Flexibility & workplace; Inclusion & voice,negative
C01038,Inclusion & voice,positive
C01039,Pay & benefits; Tools & process,negative
C01040,Flexibility & workplace,negative
C01041,Inclusion & voice,positive
C01042,Flexibility & workplace,positive
C01043,Pay & benefits; Joining & onboarding,positive
C01044,Manager relationship; Flexibility & workplace,positive
C01045,Flexibility & workplace; Leadership & communication,negative
C01046,Inclusion & voice,positive
C01047,Pay & benefits,negative
C01048,Flexibility & workplace,positive
C01049,Pay & benefits,negative
C01050,Flexibility & workplace,negative
C01051,Joining & onboarding,negative
C01052,Recognition,negative
C01053,Flexibility & workplace,positive
C01054,Manager relationship,negative
C01055,Tools & process; Pay & benefits,positive
C01056,Recognition,negative
C01057,Joining & onboarding,positive
C01058,Workload & staffing,positive
C01059,Flexibility & workplace,negative
C01060,Leadership & communication,positive
C01061,Manager relationship; Flexibility & workplace,negative
C01062,Manager relationship,negative
C01063,Recognition,negative
C01064,Joining & onboarding,negative
C01065,Workload & staffing,positive
C01066,Flexibility & workplace,negative
C01067,Manager relationship; Workload & staffing,positive
C01068,Tools & process; Joining & onboarding,negative
C01069,Flexibility & workplace,positive
C01070,Manager relationship,positive
C01071,Career & progression,negative
C01072,Manager relationship,positive
C01073,Leadership & communication,negative
C01074,Joining & onboarding,positive
C01075,Recognition,negative
C01076,Workload & staffing,positive
C01077,Inclusion & voice,negative
C01078,Flexibility & workplace,positive
C01079,Leadership & communication,negative
C01080,Joining & onboarding,negative
C01081,Pay & benefits,positive
C01082,Career & progression,negative
C01083,Pay & benefits,negative
C01084,Leadership & communication; Workload & staffing,negative
C01085,Recognition; Career & progression,positive
C01086,Workload & staffing,positive
C01087,Career & progression,negative
C01088,Inclusion & voice,positive
C01089,Career & progression; Inclusion & voice,negative
C01090,Recognition,negative
C01091,Manager relationship,positive
C01092,Recognition,negative
C01093,Joining & onboarding; Workload & staffing,positive
C01094,Tools & process,negative
C01095,Manager relationship,positive
C01096,Recognition,negative
C01097,Joining & onboarding,negative
C01098,Career & progression,negative
C01099,Recognition,negative
C01100,Tools & process,negative
C01101,Manager relationship; Pay & benefits,positive
C01102,Career & progression,negative
C01103,Workload & staffing,negative
C01104,Manager relationship,positive
C01105,Leadership & communication,positive
C01106,Career & progression,negative
C01107,Tools & process,positive
C01108,Manager relationship,positive
C01109,Leadership & communication,negative
C01110,Manager relationship,positive
C01111,Joining & onboarding,positive
C01112,Manager relationship,positive
C01113,Pay & benefits,negative
C01114,Pay & benefits,negative
C01115,Workload & staffing; Career & progression,negative
C01116,Pay & benefits; Recognition,negative
C01117,Inclusion & voice,positive
C01118,Manager relationship,negative
C01119,Manager relationship; Career & progression,positive
C01120,Tools & process,negative
C01121,Manager relationship; Inclusion & voice,positive
C01122,Pay & benefits,positive
C01123,Career & progression; Leadership & communication,negative
C01124,Inclusion & voice,positive
C01125,Manager relationship,negative
C01126,Inclusion & voice,positive
C01127,Joining & onboarding,positive
C01128,Inclusion & voice,positive
C01129,Recognition,negative
C01130,Career & progression,positive
C01131,Manager relationship,positive
C01132,Tools & process,negative
C01133,Workload & staffing,positive
C01134,Recognition,negative
C01135,Pay & benefits,negative
C01136,Flexibility & workplace,positive
C01137,Pay & benefits,negative
C01138,Inclusion & voice; Tools & process,positive
C01139,Manager relationship,positive
C01140,Pay & benefits,negative
C01141,Tools & process,positive
C01142,Manager relationship,positive
C01143,Career & progression,negative
C01144,Manager relationship; Inclusion & voice,positive
C01145,Manager relationship,negative
C01146,Flexibility & workplace,positive
C01147,Recognition,negative
C01148,Leadership & communication,positive
C01149,Pay & benefits,negative
C01150,Career & progression,positive
C01151,Career & progression,negative
C01152,Joining & onboarding; Leadership & communication,positive
C01153,Recognition,negative
C01154,Inclusion & voice; Workload & staffing,positive
C01155,Career & progression; Manager relationship,negative
C01156,Workload & staffing; Pay & benefits,positive
C01157,Career & progression; Leadership & communication,negative
C01158,Flexibility & workplace,positive
C01159,Career & progression,positive
C01160,Flexibility & workplace,positive
C01161,Pay & benefits; Tools & process,negative
C01162,Recognition,positive
C01163,Pay & benefits; Workload & staffing,negative
C01164,Manager relationship,positive
C01165,Inclusion & voice; Flexibility & workplace,positive
C01166,Pay & benefits; Career & progression,negative
C01167,Recognition,positive
C01168,Pay & benefits,negative
C01169,Career & progression,negative
C01170,Joining & onboarding; Pay & benefits,negative
C01171,Inclusion & voice,positive
C01172,Joining & onboarding; Tools & process,negative
C01173,Manager relationship; Recognition,positive
C01174,Pay & benefits; Workload & staffing,negative
C01175,Manager relationship,positive
C01176,Inclusion & voice; Leadership & communication,positive
C01177,Inclusion & voice; Workload & staffing,positive
C01178,Inclusion & voice,positive
C01179,Pay & benefits,negative
C01180,Inclusion & voice; Tools & process,positive
C01181,Joining & onboarding,positive
C01182,Joining & onboarding,negative
C01183,Leadership & communication; Joining & onboarding,positive
C01184,Manager relationship,positive
C01185,Recognition,negative
C01186,Leadership & communication; Joining & onboarding,positive
C01187,Pay & benefits,negative
C01188,Career & progression,negative
C01189,Manager relationship,positive
C01190,Workload & staffing,negative
C01191,Recognition,negative
C01192,Career & progression,negative
C01193,Inclusion & voice,positive
C01194,Joining & onboarding; Pay & benefits,negative
C01195,Flexibility & workplace; Tools & process,positive
C01196,Manager relationship,negative
C01197,Leadership & communication,positive
C01198,Leadership & communication,negative
C01199,Flexibility & workplace,negative
C01200,Career & progression; Leadership & communication,negative
C01201,Leadership & communication,positive
C01202,Joining & onboarding,negative
C01203,Pay & benefits,negative
C01204,Inclusion & voice,positive
C01205,Recognition,negative
C01206,Career & progression,negative
C01207,Inclusion & voice,positive
C01208,Tools & process,positive
C01209,Recognition; Inclusion & voice,negative
C01210,Pay & benefits,negative
C01211,Workload & staffing,positive
C01212,Recognition,negative
C01213,Tools & process,negative
C01214,Manager relationship,positive
C01215,Manager relationship,positive
C01216,Pay & benefits,negative
C01217,Recognition,positive
C01218,Flexibility & workplace; Leadership & communication,negative
C01219,Leadership & communication,positive
C01220,Joining & onboarding,negative
C01221,Pay & benefits; Joining & onboarding,negative
C01222,Manager relationship,positive
C01223,Tools & process,positive
C01224,Recognition,negative
C01225,Career & progression,positive
C01226,Inclusion & voice,positive
C01227,Inclusion & voice,positive
C01228,Recognition,negative
C01229,Inclusion & voice; Joining & onboarding,positive
C01230,Inclusion & voice,positive
C01231,Career & progression,positive
C01232,Leadership & communication,negative
C01233,Inclusion & voice,positive
C01234,Tools & process,negative
